target_rxn_IDs	target_rxn_name	flux	Rid	met_id	met_name	met_Scoef	met_comp	react_id	react_name	react_rev	lowbnd	uppbnd	react_id	gpr	rxn	name	ec	qseqid	pident	evalue	bitscore	qcovs	stitle	sstart	send	pathway	blast.status	pathway.status	complex	exception	complex.status	gs.origin	annotation	MNX_ID	seedID	keggID	biggID	biocycID	ID	Name	Prediction	Completeness	VagueReactions	KeyReactions	KeyReactionsFound	ReactionsFound
rxn00060_c0	porphobilinogen:(4-[2-carboxyethyl]-3-[carboxymethyl]pyrrol-2-yl)methyltransferase (hydrolysing)	0.002458943016996	rxn00060_Shan	"cpd00001[c0],cpd00689[c0],cpd00013[c0],cpd00755[c0]"	"H2O[c0],Porphobilinogen[c0],NH3[c0],Hydroxymethylbilane[c0]"	"-1,-4,4,1"	"1,1,1,1"	rxn00060	porphobilinogen:(4-[2-carboxyethyl]-3-[carboxymethyl]pyrrol-2-yl)methyltransferase (hydrolysing)	FALSE	0	1000	rxn00060_c0	STY1_bin_1_NODE_2465_length_7168_cov_25.3544_183:980 | STY2_bin_2_NODE_3115_length_6588_cov_40.9053_6448:5651 | STY3_bin_1_NODE_2698_length_6543_cov_136.88_6451:5654 | STY4_bin_1_NODE_2753_length_7814_cov_640.4_6623:5820	OHMETHYLBILANESYN-RXN	porphobilinogen deaminase	2.5.1.61	UniRef90_A1T0R0	48.315	3.41e-70	234	86	STY2_bin_2_NODE_3115_length_6588_cov_40.9053	6448	5651	|PWY-5188|	good_blast	NA	NA	0	1	0	bqbiol_is;http://identifiers.org/SBO:0000167;http://identifiers.org/ec-code:2.5.1.61;http://identifiers.org/seed.reaction:rxn00060;http://identifiers.org/SBO:0000176;http://identifiers.org/seed.reaction:rxn00060;http://identifiers.org/kegg.reaction:R00084;http://identifiers.org/bigg.reaction:HMBS;http://identifiers.org/bigg.reaction:PPBNGD;http://identifiers.org/biocyc:META:OHMETHYLBILANESYN-RXN;http://identifiers.org/metanetx.reaction:MNXR100658	MNXR100658	rxn00060	R00084	HMBS;PPBNGD	OHMETHYLBILANESYN-RXN	|PWY-5188|	tetrapyrrole biosynthesis I (from glutamate)	false	66	0	0	0	OHMETHYLBILANESYN-RXN PORPHOBILSYNTH-RXN GSAAMINOTRANS-RXN GLURS-RXN
rxn00114_c0	ATP:carbamate phosphotransferase	0.184948388940143	rxn00114_Shan	"cpd00002[c0],cpd00011[c0],cpd00013[c0],cpd00008[c0],cpd00067[c0],cpd00146[c0]"	"ATP[c0],CO2[c0],NH3[c0],ADP[c0],H+[c0],Carbamoylphosphate[c0]"	"-1,-1,-1,1,2,1"	"1,1,1,1,1,1"	rxn00114	ATP:carbamate phosphotransferase	TRUE	-1000	1000	rxn00114_c0		rxn00114	Carbamate kinase	2.7.2.2	UniRef90_P63555	22.5	0.065	33.1	74	STY4_bin_1_NODE_277_length_23739_cov_490.005	1419	2000	seed.pwy648	bad_blast	threshold	NA	0	NA	9	bqbiol_is;http://identifiers.org/SBO:0000167;http://identifiers.org/ec-code:2.7.2.2;http://identifiers.org/seed.reaction:rxn00114;http://identifiers.org/SBO:0000176;http://identifiers.org/seed.reaction:rxn00114;http://identifiers.org/kegg.reaction:R00150;http://identifiers.org/bigg.reaction:CBMKr;http://identifiers.org/biocyc:META:CARBAMATE-KINASE-RXN;http://identifiers.org/metanetx.reaction:MNXR96482	MNXR96482	rxn00114	R00150	CBMKr	CARBAMATE-KINASE-RXN	seed.pwy648	MLST	true	85	0	0	0	rxn00178 rxn00615 rxn00239 rxn00173 rxn01740 rxn00747
rxn00138_c0	deamido-NAD+:ammonia ligase (AMP-forming)	0.00245894301701077	rxn00138_Shan	"cpd00002[c0],cpd00013[c0],cpd00638[c0],cpd00003[c0],cpd00012[c0],cpd00018[c0],cpd00067[c0]"	"ATP[c0],NH3[c0],Deamido-NAD[c0],NAD[c0],PPi[c0],AMP[c0],H+[c0]"	"-1,-1,-1,1,1,1,2"	"1,1,1,1,1,1,1"	rxn00138	deamido-NAD+:ammonia ligase (AMP-forming)	FALSE	0	1000	rxn00138_c0	STY1_bin_1_NODE_176_length_24499_cov_19.2204_14335:12731 | STY2_bin_2_NODE_278_length_19330_cov_29.1452_15883:14279 | STY3_bin_1_NODE_10441_length_3697_cov_131.618_13:1617 | STY4_bin_1_NODE_8_length_104303_cov_519.895_13416:15020	NAD-SYNTH-GLN-RXN	glutamine-dependent NAD synthase	6.3.5.1	UniRef90_O67091	43.11	2.58e-137	439	99	STY2_bin_2_NODE_278_length_19330_cov_29.1452	15883	14279	|PWY3O-4107|	good_blast	NA	NA	0	1	0	bqbiol_is;http://identifiers.org/SBO:0000167;http://identifiers.org/ec-code:6.3.5.1;http://identifiers.org/seed.reaction:rxn00138;http://identifiers.org/SBO:0000176;http://identifiers.org/seed.reaction:rxn00138;http://identifiers.org/kegg.reaction:R00189;http://identifiers.org/bigg.reaction:NADS1;http://identifiers.org/bigg.reaction:NADS1m;http://identifiers.org/bigg.reaction:NADS1n;http://identifiers.org/biocyc:META:NAD-SYNTH-NH3-RXN;http://identifiers.org/metanetx.reaction:MNXR101897	MNXR101897	rxn00138	R00189	NADS1;NADS1m;NADS1n	NAD-SYNTH-NH3-RXN	|PWY3O-4107|	NAD salvage pathway V (PNC V cycle)	false	60	0	0	0	NICONUCADENYLYLTRAN-RXN NICOTINAMID-RXN NAD-SYNTH-GLN-RXN
rxn00182_c0	L-glutamate:NAD+ oxidoreductase (deaminating)	-1000	rxn00182_Shan	"cpd00001[c0],cpd00003[c0],cpd00023[c0],cpd00004[c0],cpd00013[c0],cpd00024[c0],cpd00067[c0]"	"H2O[c0],NAD[c0],L-Glutamate[c0],NADH[c0],NH3[c0],2-Oxoglutarate[c0],H+[c0]"	"-1,-1,-1,1,1,1,1"	"1,1,1,1,1,1,1"	rxn00182	L-glutamate:NAD+ oxidoreductase (deaminating)	TRUE	-1000	1000	rxn00182_c0	((STY1_bin_1_NODE_680_length_11896_cov_19.1536_8308:3884 | STY2_bin_2_NODE_820_length_11351_cov_32.12_7692:3268 | STY3_bin_1_NODE_1076_length_9341_cov_141.82_1690:6114 | STY4_bin_1_NODE_1052_length_11532_cov_472.031_3833:8257) & (STY1_bin_1_NODE_680_length_11896_cov_19.1536_3845:2457 | STY1_bin_1_NODE_97_length_34764_cov_23.4034_15416:16693 | STY2_bin_2_NODE_17_length_65616_cov_40.1088_18614:17337 | STY2_bin_2_NODE_820_length_11351_cov_32.12_3229:1841 | STY3_bin_1_NODE_1076_length_9341_cov_141.82_6153:7541 | STY3_bin_1_NODE_83_length_34728_cov_147.61_19339:18062 | STY4_bin_1_NODE_1052_length_11532_cov_472.031_8296:9684 | STY4_bin_1_NODE_22_length_67542_cov_591.459_20555:19278)) | STY1_bin_1_NODE_39_length_59469_cov_18.2663_23263:18632 | STY2_bin_2_NODE_20_length_59484_cov_29.3548_23235:18604 | STY3_bin_1_NODE_41_length_46589_cov_131.048_23256:18625 | STY4_bin_1_NODE_4_length_120519_cov_465.846_55515:50884	GLUTDEHYD-RXN	glutamate dehydrogenase 2 (NADP-dependent)	1.4.1.4	sp|P09831|GLTB_ECOLI	55.286	0	1605	99	STY1_bin_1_NODE_680_length_11896_cov_19.1536	8308	3884	|GLUTSYNIII-PWY|	good_blast	full	Subunit 1	0	1	0	bqbiol_is;http://identifiers.org/SBO:0000167;http://identifiers.org/ec-code:1.4.1.4;http://identifiers.org/seed.reaction:rxn00182;http://identifiers.org/SBO:0000176;http://identifiers.org/seed.reaction:rxn00182;http://identifiers.org/kegg.reaction:R00243;http://identifiers.org/bigg.reaction:GDH;http://identifiers.org/bigg.reaction:GDH1;http://identifiers.org/bigg.reaction:GDHm;http://identifiers.org/bigg.reaction:GLUDxi;http://identifiers.org/biocyc:META:GLUTAMATE-DEHYDROGENASE-RXN;http://identifiers.org/metanetx.reaction:MNXR100085	MNXR100085	rxn00182	R00243	GDH;GDH1;GDHm;GLUDxi	GLUTAMATE-DEHYDROGENASE-RXN	|GLUTSYNIII-PWY|	L-glutamate biosynthesis III	true	100	0	0	0	GLUTDEHYD-RXN
rxn00184_c0	L-Glutamate:NADP+ oxidoreductase (deaminating)	1000	rxn00184_Shan	"cpd00001[c0],cpd00006[c0],cpd00023[c0],cpd00005[c0],cpd00013[c0],cpd00024[c0],cpd00067[c0]"	"H2O[c0],NADP[c0],L-Glutamate[c0],NADPH[c0],NH3[c0],2-Oxoglutarate[c0],H+[c0]"	"-1,-1,-1,1,1,1,1"	"1,1,1,1,1,1,1"	rxn00184	L-Glutamate:NADP+ oxidoreductase (deaminating)	TRUE	-1000	1000	rxn00184_c0	((STY1_bin_1_NODE_680_length_11896_cov_19.1536_8308:3884 | STY2_bin_2_NODE_820_length_11351_cov_32.12_7692:3268 | STY3_bin_1_NODE_1076_length_9341_cov_141.82_1690:6114 | STY4_bin_1_NODE_1052_length_11532_cov_472.031_3833:8257) & (STY1_bin_1_NODE_680_length_11896_cov_19.1536_3845:2457 | STY1_bin_1_NODE_97_length_34764_cov_23.4034_15416:16693 | STY2_bin_2_NODE_17_length_65616_cov_40.1088_18614:17337 | STY2_bin_2_NODE_820_length_11351_cov_32.12_3229:1841 | STY3_bin_1_NODE_1076_length_9341_cov_141.82_6153:7541 | STY3_bin_1_NODE_83_length_34728_cov_147.61_19339:18062 | STY4_bin_1_NODE_1052_length_11532_cov_472.031_8296:9684 | STY4_bin_1_NODE_22_length_67542_cov_591.459_20555:19278))	GLUTDEHYD-RXN	glutamate dehydrogenase 2 (NADP-dependent)	1.4.1.4	sp|P09831|GLTB_ECOLI	55.286	0	1605	99	STY1_bin_1_NODE_680_length_11896_cov_19.1536	8308	3884	|GLUTSYNIII-PWY|	good_blast	full	Subunit 1	0	1	0	bqbiol_is;http://identifiers.org/SBO:0000167;http://identifiers.org/ec-code:1.4.1.4;http://identifiers.org/seed.reaction:rxn00184;http://identifiers.org/SBO:0000176;http://identifiers.org/seed.reaction:rxn00184;http://identifiers.org/kegg.reaction:R00248;http://identifiers.org/bigg.reaction:GDH_nadp;http://identifiers.org/bigg.reaction:GLUDy;http://identifiers.org/bigg.reaction:GLUDyi;http://identifiers.org/bigg.reaction:GLUDym;http://identifiers.org/biocyc:META:GLUTDEHYD-RXN;http://identifiers.org/metanetx.reaction:MNXR100086	MNXR100086	rxn00184	R00248	GDH_nadp;GLUDy;GLUDyi;GLUDym	GLUTDEHYD-RXN	|GLUTSYNIII-PWY|	L-glutamate biosynthesis III	true	100	0	0	0	GLUTDEHYD-RXN
rxn00340_c0	L-aspartate:ammonia ligase (AMP-forming)	0.0712837085089664	rxn00340_Shan	"cpd00002[c0],cpd00013[c0],cpd00041[c0],cpd00012[c0],cpd00018[c0],cpd00067[c0],cpd00132[c0]"	"ATP[c0],NH3[c0],L-Aspartate[c0],PPi[c0],AMP[c0],H+[c0],L-Asparagine[c0]"	"-1,-1,-1,1,1,2,1"	"1,1,1,1,1,1,1"	rxn00340	L-aspartate:ammonia ligase (AMP-forming)	FALSE	0	1000	rxn00340_c0	STY1_bin_1_NODE_13_length_102798_cov_19.4395_84028:82256 | STY2_bin_2_NODE_148_length_27612_cov_29.093_27321:25549 | STY3_bin_1_NODE_131_length_26586_cov_125.071_5612:7384 | STY4_bin_1_NODE_9_length_100063_cov_443.882_18785:20557	ASNSYNB-RXN	L-aspartate:L-glutamine amido-ligase (AMP-forming)	6.3.5.4	UniRef90_O05272	30.308	2.41e-72	252	92	STY2_bin_2_NODE_148_length_27612_cov_29.093	27321	25549	|ASPARAGINE-BIOSYNTHESIS|	good_blast	full	NA	0	1	0	bqbiol_is;http://identifiers.org/SBO:0000167;http://identifiers.org/ec-code:6.3.5.4;http://identifiers.org/seed.reaction:rxn00340;http://identifiers.org/SBO:0000176;http://identifiers.org/seed.reaction:rxn00340;http://identifiers.org/kegg.reaction:R00483;http://identifiers.org/bigg.reaction:ASNS2;http://identifiers.org/biocyc:META:ASNSYNA-RXN;http://identifiers.org/metanetx.reaction:MNXR96060	MNXR96060	rxn00340	R00483	ASNS2	ASNSYNA-RXN	|ASPARAGINE-BIOSYNTHESIS|	L-asparagine biosynthesis I	true	100	0	0	0	ASNSYNB-RXN
rxn00347_c0	L-Aspartate ammonia-lyase	99.0084389616876	rxn00347_Shan	"cpd00041[c0],cpd00013[c0],cpd00106[c0]"	"L-Aspartate[c0],NH3[c0],Fumarate[c0]"	"-1,1,1"	"1,1,1"	rxn00347	L-Aspartate ammonia-lyase	FALSE	0	1000	rxn00347_c0	STY1_bin_1_NODE_127_length_30266_cov_21.7121_16120:17499 | STY2_bin_2_NODE_110_length_31524_cov_34.1629_16422:17780 | STY3_bin_1_NODE_258_length_17450_cov_142.035_1382:3 | STY4_bin_1_NODE_158_length_31353_cov_455.023_15106:13748	ASPARTASE-RXN	aspartate ammonia-lyase	4.3.1.1	UniRef90_P07346	42.991	9.9e-97	318	89	STY3_bin_1_NODE_258_length_17450_cov_142.035	1373	102	|GLUTDEG-PWY|	good_blast	full	NA	0	1	0	bqbiol_is;http://identifiers.org/SBO:0000167;http://identifiers.org/ec-code:4.3.1.1;http://identifiers.org/seed.reaction:rxn00347;http://identifiers.org/SBO:0000176;http://identifiers.org/seed.reaction:rxn00347;http://identifiers.org/kegg.reaction:R00490;http://identifiers.org/bigg.reaction:ASPT;http://identifiers.org/biocyc:META:ASPARTASE-RXN;http://identifiers.org/metanetx.reaction:MNXR96099	MNXR96099	rxn00347	R00490	ASPT	ASPARTASE-RXN	|GLUTDEG-PWY|	L-glutamate degradation II	true	100	0	0	0	ASPAMINOTRANS-RXN ASPARTASE-RXN
rxn00410_c0	UTP:ammonia ligase (ADP-forming)	0.0472900011895329	rxn00410_Shan	"cpd00002[c0],cpd00013[c0],cpd00062[c0],cpd00008[c0],cpd00009[c0],cpd00052[c0],cpd00067[c0]"	"ATP[c0],NH3[c0],UTP[c0],ADP[c0],Phosphate[c0],CTP[c0],H+[c0]"	"-1,-1,-1,1,1,1,2"	"1,1,1,1,1,1,1"	rxn00410	UTP:ammonia ligase (ADP-forming)	FALSE	0	1000	rxn00410_c0	STY1_bin_1_NODE_249_length_20133_cov_19.4071_16310:17941 | STY2_bin_2_NODE_261_length_20196_cov_31.3094_3812:2181 | STY3_bin_1_NODE_202_length_20119_cov_129.429_3802:2171 | STY4_bin_1_NODE_351_length_20317_cov_441.128_16494:18125	CTPSYN-RXN	CTP synthetase	6.3.4.2	UniRef90_A1WWZ4	68.44	0	741	98	STY3_bin_1_NODE_202_length_20119_cov_129.429	3802	2171	|PWY-7176|	good_blast	full	NA	0	1	0	bqbiol_is;http://identifiers.org/SBO:0000167;http://identifiers.org/ec-code:6.3.4.2;http://identifiers.org/seed.reaction:rxn00410;http://identifiers.org/SBO:0000176;http://identifiers.org/seed.reaction:rxn00410;http://identifiers.org/kegg.reaction:R00571;http://identifiers.org/bigg.reaction:CTPS1;http://identifiers.org/biocyc:META:RXN-14325;http://identifiers.org/metanetx.reaction:MNXR96944	MNXR96944	rxn00410	R00571	CTPS1	RXN-14325	|PWY-7176|	UTP and CTP de novo biosynthesis	true	100	0	0	0	RXN-12002 RXN-12002 UDPKIN-RXN CTPSYN-RXN
rxn00726_c0	chorismate pyruvate-lyase (amino-accepting; anthranilate-forming)	0.0168092587750401	rxn00726_Shan	"cpd00013[c0],cpd00216[c0],cpd00001[c0],cpd00020[c0],cpd00067[c0],cpd00093[c0]"	"NH3[c0],Chorismate[c0],H2O[c0],Pyruvate[c0],H+[c0],Anthranilate[c0]"	"-1,-1,1,1,1,1"	"1,1,1,1,1,1"	rxn00726	chorismate pyruvate-lyase (amino-accepting; anthranilate-forming)	FALSE	0	1000	rxn00726_c0	((STY1_bin_1_NODE_247_length_20225_cov_20.2497_9392:10846 | STY2_bin_2_NODE_252_length_20484_cov_33.0599_9718:11172 | STY3_bin_1_NODE_303_length_16163_cov_135.329_6765:5311 | STY4_bin_1_NODE_322_length_21135_cov_514.604_9551:11005) & (STY1_bin_1_NODE_247_length_20225_cov_20.2497_10865:11443 | STY2_bin_2_NODE_252_length_20484_cov_33.0599_11191:11769 | STY3_bin_1_NODE_303_length_16163_cov_135.329_5292:4714 | STY4_bin_1_NODE_322_length_21135_cov_514.604_11024:11602))	ANTHRANSYN-RXN	anthranilate synthase	4.1.3.27	sp|P20580|TRPE_PSEAE	60.78	9.83e-176	546	99	STY2_bin_2_NODE_252_length_20484_cov_33.0599	9718	11172	|PWY-5958|	good_blast	NA	Subunit 1	0	1	0	bqbiol_is;http://identifiers.org/SBO:0000167;http://identifiers.org/ec-code:4.1.3.27;http://identifiers.org/seed.reaction:rxn00726;http://identifiers.org/SBO:0000176;http://identifiers.org/seed.reaction:rxn00726;http://identifiers.org/kegg.reaction:R00985;http://identifiers.org/bigg.reaction:ANS2;http://identifiers.org/bigg.reaction:ATNS_nh4;http://identifiers.org/metanetx.reaction:MNXR95844	MNXR95844	rxn00726	R00985	ANS2;ATNS_nh4	NA	|PWY-5958|	acridone alkaloid biosynthesis	false	25	2	0	0	ANTHRANSYN-RXN
rxn00737_c0	L-threonine ammonia-lyase (2-oxobutanoate-forming)	0.0859139892945677	rxn00737_Shan	"cpd00161[c0],cpd00013[c0],cpd00094[c0]"	"L-Threonine[c0],NH3[c0],2-Oxobutyrate[c0]"	"-1,1,1"	"1,1,1"	rxn00737	L-threonine ammonia-lyase (2-oxobutanoate-forming)	FALSE	0	1000	rxn00737_c0	STY1_bin_1_NODE_127_length_30266_cov_21.7121_15128:16054 | STY2_bin_2_NODE_110_length_31524_cov_34.1629_15430:16356 | STY3_bin_1_NODE_258_length_17450_cov_142.035_2374:1448 | STY4_bin_1_NODE_158_length_31353_cov_455.023_16098:15172	RXN-15122	threonine deaminase	4.3.1.19	UniRef90_P11954	38.816	1.05e-48	173	91	STY4_bin_1_NODE_158_length_31353_cov_455.023	16068	15172	|ILEUSYN-PWY|	good_blast	full	NA	0	1	0	bqbiol_is;http://identifiers.org/SBO:0000167;http://identifiers.org/ec-code:4.3.1.19;http://identifiers.org/seed.reaction:rxn00737;http://identifiers.org/SBO:0000176;http://identifiers.org/seed.reaction:rxn00737;http://identifiers.org/kegg.reaction:R00996;http://identifiers.org/bigg.reaction:TAL;http://identifiers.org/bigg.reaction:THRD_L;http://identifiers.org/bigg.reaction:THRD_Lm;http://identifiers.org/biocyc:META:THREDEHYD-RXN;http://identifiers.org/metanetx.reaction:MNXR104714	MNXR104714	rxn00737	R00996	TAL;THRD_L;THRD_Lm	THREDEHYD-RXN	|ILEUSYN-PWY|	L-isoleucine biosynthesis I (from threonine)	true	100	0	1	1	DIHYDROXYMETVALDEHYDRAT-RXN BRANCHED-CHAINAMINOTRANSFERILEU-RXN ACETOOHBUTREDUCTOISOM-RXN ACETOOHBUTSYN-RXN RXN-15122
rxn00804_c0	L-leucine:NAD+ oxidoreductase (deaminating)	-1000	rxn00804_Shan	"cpd00001[c0],cpd00003[c0],cpd00107[c0],cpd00004[c0],cpd00013[c0],cpd00067[c0],cpd00200[c0]"	"H2O[c0],NAD[c0],L-Leucine[c0],NADH[c0],NH3[c0],H+[c0],4MOP[c0]"	"-1,-1,-1,1,1,1,1"	"1,1,1,1,1,1,1"	rxn00804	L-leucine:NAD+ oxidoreductase (deaminating)	TRUE	-1000	1000	rxn00804_c0		R00145	alpha-amino acid:NAD+ oxidoreductase (deaminating)	1.4.1.9		NA	NA	NA	NA		NA	NA	map00290	no_blast	threshold	NA	0	1	0	bqbiol_is;http://identifiers.org/SBO:0000167;http://identifiers.org/ec-code:1.4.1.9;http://identifiers.org/seed.reaction:rxn00804;http://identifiers.org/SBO:0000176;http://identifiers.org/seed.reaction:rxn00804;http://identifiers.org/kegg.reaction:R01088;http://identifiers.org/bigg.reaction:LLEUDr;http://identifiers.org/biocyc:META:LEUCINE-DEHYDROGENASE-RXN;http://identifiers.org/metanetx.reaction:MNXR101096	MNXR101096	rxn00804	R01088	LLEUDr	LEUCINE-DEHYDROGENASE-RXN	map00290	Valine, leucine and isoleucine biosynthesis	true	80	1	0	0	R00994 R03051 R00014 R07399 R01213 R01214 R01215 R10170 R03898 R05070 R00220
rxn00916_c0	Xanthosine-5'-phosphate:ammonia ligase (AMP-forming)	0.0774412044716164	rxn00916_Shan	"cpd00002[c0],cpd00013[c0],cpd00497[c0],cpd00012[c0],cpd00018[c0],cpd00067[c0],cpd00126[c0]"	"ATP[c0],NH3[c0],XMP[c0],PPi[c0],AMP[c0],H+[c0],GMP[c0]"	"-1,-1,-1,1,1,3,1"	"1,1,1,1,1,1,1"	rxn00916	Xanthosine-5'-phosphate:ammonia ligase (AMP-forming)	FALSE	0	1000	rxn00916_c0	STY1_bin_1_NODE_91_length_36376_cov_19.6453_29405:27870 | STY2_bin_2_NODE_40_length_48899_cov_31.3613_30673:29138 | STY3_bin_1_NODE_84_length_34055_cov_126.5_7001:8536 | STY4_bin_1_NODE_67_length_45416_cov_442.926_27146:25611	GMP-SYN-GLUT-RXN	xanthosine-5'-phosphate:L-glutamine amido-ligase (AMP-forming)	6.3.5.2	UniRef90_A4XY17	61.969	0	647	98	STY4_bin_1_NODE_67_length_45416_cov_442.926	27146	25611	|PWY-7221|	good_blast	full	NA	0	1	0	bqbiol_is;http://identifiers.org/SBO:0000167;http://identifiers.org/ec-code:6.3.5.2;http://identifiers.org/seed.reaction:rxn00916;http://identifiers.org/SBO:0000176;http://identifiers.org/seed.reaction:rxn00916;http://identifiers.org/kegg.reaction:R01230;http://identifiers.org/bigg.reaction:GMPS;http://identifiers.org/bigg.reaction:GMPSm;http://identifiers.org/biocyc:META:GMP-SYN-NH3-RXN;http://identifiers.org/metanetx.reaction:MNXR100383	MNXR100383	rxn00916	R01230	GMPS;GMPSm	GMP-SYN-NH3-RXN	|PWY-7221|	guanosine ribonucleotides de novo biosynthesis	true	100	0	0	0	IMP-DEHYDROG-RXN GMP-SYN-GLUT-RXN GUANYL-KIN-RXN GDPKIN-RXN
rxn01045_c0	L-Valine:NAD+ oxidoreductase(deaminating)	-0.125135593103096	rxn01045_Shan	"cpd00001[c0],cpd00003[c0],cpd00156[c0],cpd00004[c0],cpd00013[c0],cpd00067[c0],cpd00123[c0]"	"H2O[c0],NAD[c0],L-Valine[c0],NADH[c0],NH3[c0],H+[c0],3-Methyl-2-oxobutanoate[c0]"	"-1,-1,-1,1,1,1,1"	"1,1,1,1,1,1,1"	rxn01045	L-Valine:NAD+ oxidoreductase(deaminating)	TRUE	-1000	1000	rxn01045_c0		R00145	alpha-amino acid:NAD+ oxidoreductase (deaminating)	1.4.1.9		NA	NA	NA	NA		NA	NA	map00290	no_blast	threshold	NA	0	1	0	bqbiol_is;http://identifiers.org/SBO:0000167;http://identifiers.org/ec-code:1.4.1.9;http://identifiers.org/seed.reaction:rxn01045;http://identifiers.org/SBO:0000176;http://identifiers.org/seed.reaction:rxn01045;http://identifiers.org/kegg.reaction:R01434;http://identifiers.org/bigg.reaction:VALDHr;http://identifiers.org/biocyc:META:RXN-13184;http://identifiers.org/metanetx.reaction:MNXR105183	MNXR105183	rxn01045	R01434	VALDHr	RXN-13184	map00290	Valine, leucine and isoleucine biosynthesis	true	80	1	0	0	R00994 R03051 R00014 R07399 R01213 R01214 R01215 R10170 R03898 R05070 R00220
rxn01573_c0	L-Isoleucine:NAD+ oxidoreductase(deaminating)	998.28013139164	rxn01573_Shan	"cpd00001[c0],cpd00003[c0],cpd00322[c0],cpd00004[c0],cpd00013[c0],cpd00067[c0],cpd00508[c0]"	"H2O[c0],NAD[c0],L-Isoleucine[c0],NADH[c0],NH3[c0],H+[c0],3MOP[c0]"	"-1,-1,-1,1,1,1,1"	"1,1,1,1,1,1,1"	rxn01573	L-Isoleucine:NAD+ oxidoreductase(deaminating)	TRUE	-1000	1000	rxn01573_c0		R00145	alpha-amino acid:NAD+ oxidoreductase (deaminating)	1.4.1.9		NA	NA	NA	NA		NA	NA	map00290	no_blast	threshold	NA	0	1	0	bqbiol_is;http://identifiers.org/SBO:0000167;http://identifiers.org/ec-code:1.4.1.9;http://identifiers.org/seed.reaction:rxn01573;http://identifiers.org/SBO:0000176;http://identifiers.org/seed.reaction:rxn01573;http://identifiers.org/kegg.reaction:R02196;http://identifiers.org/biocyc:META:ILEDEAMINE-RXN;http://identifiers.org/metanetx.reaction:MNXR107368	MNXR107368	rxn01573	R02196	NA	ILEDEAMINE-RXN	map00290	Valine, leucine and isoleucine biosynthesis	true	80	1	0	0	R00994 R03051 R00014 R07399 R01213 R01214 R01215 R10170 R03898 R05070 R00220
rxn02475_c0	2,5-Diamino-6-hydroxy-4-(5-phosphoribosylamino)-pyrimidine 2-aminohydrolase	0.002458943016996	rxn02475_Shan	"cpd00001[c0],cpd00067[c0],cpd00957[c0],cpd00013[c0],cpd00931[c0]"	"H2O[c0],H+[c0],2,5-Diamino-6-(5'-phosphoribosylamino)-4-pyrimidineone[c0],NH3[c0],5-Amino-6--5-phosphoribosylaminouracil[c0]"	"-1,-1,-1,1,1"	"1,1,1,1,1"	rxn02475	2,5-Diamino-6-hydroxy-4-(5-phosphoribosylamino)-pyrimidine 2-aminohydrolase	FALSE	0	1000	rxn02475_c0	STY1_bin_1_NODE_151_length_27786_cov_23.0304_23079:22141 | STY2_bin_2_NODE_103_length_34354_cov_43.935_30292:29354 | STY3_bin_1_NODE_1178_length_9034_cov_152.438_4506:3568 | STY4_bin_1_NODE_110_length_35820_cov_574.256_30792:29854	RIBOFLAVINSYNDEAM-RXN	diaminohydroxyphosphoribosylaminopyrimidine deaminase	3.5.4.26	UniRef90_O66534	37.025	1.66e-45	165	87	STY4_bin_1_NODE_110_length_35820_cov_574.256	30792	29854	|PWY-7991|	good_blast	NA	NA	0	1	0	bqbiol_is;http://identifiers.org/SBO:0000167;http://identifiers.org/ec-code:3.5.4.26;http://identifiers.org/seed.reaction:rxn02475;http://identifiers.org/SBO:0000176;http://identifiers.org/seed.reaction:rxn02475;http://identifiers.org/kegg.reaction:R03459;http://identifiers.org/bigg.reaction:DHPPDA2;http://identifiers.org/biocyc:META:RIBOFLAVINSYNDEAM-RXN;http://identifiers.org/metanetx.reaction:MNXR97435	MNXR97435	rxn02475	R03459	DHPPDA2	RIBOFLAVINSYNDEAM-RXN	|PWY-7991|	toxoflavin biosynthesis	false	57	1	2	0	RIBOFLAVINSYNREDUC-RXN RIBOFLAVINSYNDEAM-RXN GTP-CYCLOHYDRO-II-RXN
rxn05466_c0	TRANS-RXN-173.ce	-96.775497970405	rxn05466_Shan	"cpd00013[e0],cpd00013[c0]"	"NH3[e0],NH3[c0]"	"-1,1"	"2,1"	rxn05466	TRANS-RXN-173.ce	TRUE	-1000	1000	rxn05466_c0	STY2_bin_2_NODE_341_length_17644_cov_30.549_12761:13816	o66515|p54146|p69681|q79vf1	transport-alternative-ammonia	NA	gnl|tc-db|o66515|1.a.11.1.5	50.847	9.72e-88	290	83	STY2_bin_2_NODE_341_length_17644_cov_30.549	12761	13816	NA	good_blast	NA	NA	0	NA	0	bqbiol_is;http://identifiers.org/SBO:0000167;http://identifiers.org/seed.reaction:rxn05466;http://identifiers.org/SBO:0000185;http://identifiers.org/seed.reaction:rxn05466;http://identifiers.org/bigg.reaction:NH4t;http://identifiers.org/bigg.reaction:NH4tex;http://identifiers.org/bigg.reaction:NH4ti;http://identifiers.org/bigg.reaction:NH4tm;http://identifiers.org/bigg.reaction:NH4tn;http://identifiers.org/bigg.reaction:NH4tp;http://identifiers.org/bigg.reaction:NH4tpp;http://identifiers.org/biocyc:META:RXN-9615;http://identifiers.org/biocyc:META:TRANS-RXN0-206;http://identifiers.org/biocyc:META:TRANS-RXN0-544;http://identifiers.org/metanetx.reaction:MNXR101950	MNXR101950	rxn05466	NA	NH4t;NH4tex;NH4ti;NH4tm;NH4tn;NH4tp;NH4tpp	RXN-9615;TRANS-RXN0-206;TRANS-RXN0-544	NA
rxn09519_c0	alpha-Aminopropiononitrile aminohydrolase	-1000	rxn09519_Shan	"cpd00001[c0],cpd00067[c0],cpd03408[c0],cpd00013[c0],cpd00035[c0]"	"H2O[c0],H+[c0],alpha-Aminopropiononitrile[c0],NH3[c0],L-Alanine[c0]"	"-2,-1,-1,1,1"	"1,1,1,1,1"	rxn09519	alpha-Aminopropiononitrile aminohydrolase	TRUE	-1000	1000	rxn09519_c0	STY1_bin_1_NODE_6988_length_4585_cov_20.2808_3125:477 | STY2_bin_2_NODE_2837_length_6808_cov_32.0606_1418:4108 | STY3_bin_1_NODE_8208_length_4132_cov_144.047_2672:24 | STY4_bin_1_NODE_43_length_53747_cov_521.283_6540:3892	RXN-1404	(indole-3-yl)acetonitrilase	3.5.5.1	sp|P25516|ACNA_ECOLI	60.022	0	1026	99	STY1_bin_1_NODE_6988_length_4585_cov_20.2808	3125	477	|PWY-5026|	good_blast	full	NA	0	1	0	bqbiol_is;http://identifiers.org/SBO:0000167;http://identifiers.org/ec-code:3.5.5.1;http://identifiers.org/seed.reaction:rxn09519;http://identifiers.org/SBO:0000176;http://identifiers.org/seed.reaction:rxn09519;http://identifiers.org/kegg.reaction:R03542;http://identifiers.org/bigg.reaction:NTRLASE2;http://identifiers.org/metanetx.reaction:MNXR102071	MNXR102071	rxn09519	R03542	NTRLASE2	NA	|PWY-5026|	indole-3-acetate biosynthesis V (bacteria and fungi)	true	100	0	0	0	RXN-1404
rxn09896_c0	isoleucine dehydrogenase	-0.0859139892945677	rxn09896_Shan	"cpd00001[c0],cpd00003[c0],cpd00322[c0],cpd00004[c0],cpd00013[c0],cpd00067[c0],cpd03577[c0]"	"H2O[c0],NAD[c0],L-Isoleucine[c0],NADH[c0],NH3[c0],H+[c0],(R)-2-Oxo-3-methylpentanoate[c0]"	"-1,-1,-1,1,1,1,1"	"1,1,1,1,1,1,1"	rxn09896	isoleucine dehydrogenase	TRUE	-1000	1000	rxn09896_c0		R00145	alpha-amino acid:NAD+ oxidoreductase (deaminating)	1.4.1.9		NA	NA	NA	NA		NA	NA	map00290	no_blast	threshold	NA	0	1	0	bqbiol_is;http://identifiers.org/SBO:0000167;http://identifiers.org/ec-code:1.4.1.9;http://identifiers.org/seed.reaction:rxn09896;http://identifiers.org/SBO:0000176	NA	NA	NA	NA	NA	map00290	Valine, leucine and isoleucine biosynthesis	true	80	1	0	0	R00994 R03051 R00014 R07399 R01213 R01214 R01215 R10170 R03898 R05070 R00220
rxn15410_c0	alpha-Aminopropiononitrile aminohydrolase	1000	rxn15410_Shan	"cpd00001[c0],cpd00067[c0],cpd03408[c0],cpd00013[c0],cpd00117[c0]"	"H2O[c0],H+[c0],alpha-Aminopropiononitrile[c0],NH3[c0],D-Alanine[c0]"	"-2,-1,-1,1,1"	"1,1,1,1,1"	rxn15410	alpha-Aminopropiononitrile aminohydrolase	TRUE	-1000	1000	rxn15410_c0	STY1_bin_1_NODE_6988_length_4585_cov_20.2808_3125:477 | STY2_bin_2_NODE_2837_length_6808_cov_32.0606_1418:4108 | STY3_bin_1_NODE_8208_length_4132_cov_144.047_2672:24 | STY4_bin_1_NODE_43_length_53747_cov_521.283_6540:3892	RXN-1404	(indole-3-yl)acetonitrilase	3.5.5.1	sp|P25516|ACNA_ECOLI	60.022	0	1026	99	STY1_bin_1_NODE_6988_length_4585_cov_20.2808	3125	477	|PWY-5026|	good_blast	full	NA	0	1	0	bqbiol_is;http://identifiers.org/SBO:0000167;http://identifiers.org/ec-code:3.5.5.1;http://identifiers.org/seed.reaction:rxn15410;http://identifiers.org/SBO:0000176	NA	NA	NA	NA	NA	|PWY-5026|	indole-3-acetate biosynthesis V (bacteria and fungi)	true	100	0	0	0	RXN-1404
